Venue Name,Priority Score,Conversion Likelihood,Data Quality,Product Recommendation,Outreach Reason,WhatsApp Pitch
Ramee Guestline Banquets,80,High,High,SmartOS Operations,Low online visibility (DMI 47). losing reviews to top competitor Royal Symphony Banquet. BCA member connection makes them a warm prospect.,"Namaste Bhai, Rohit Nate here from Dadar (fellow BCA member). We are running the BCA Digital Readiness Initiative. Here is the quick audit snapshot for your venue:

BCA Digital Initiative — Ramee Guestline Banquets Audit Snapshot:
- Instagram Freshness: Active
- Google Maps Visibility: High
- Inquiry Management: Manual / Offline
- WhatsApp Structure: Unorganized
- Booking Workflow: Offline Register
Digital Maturity Score: 47/100 (Visibility Weak)

I have your 2-page detailed report. Let me know if we can discuss on WhatsApp."
Swagat Banquet Hall,70,High,High,Both (DigiStories + SmartOS),Low online visibility (DMI 8). losing reviews to top competitor Royal Symphony Banquet. BCA member connection makes them a warm prospect.,"Namaste Bhai, Rohit Nate here from Dadar (fellow BCA member). We are running the BCA Digital Readiness Initiative. Here is the quick audit snapshot for your venue:

BCA Digital Initiative — Swagat Banquet Hall Audit Snapshot:
- Instagram Freshness: Weak
- Google Maps Visibility: Moderate
- Inquiry Management: Manual / Offline
- WhatsApp Structure: Unorganized
- Booking Workflow: Offline Register
Digital Maturity Score: 8/100 (Digitally Invisible)

I have your 2-page detailed report. Let me know if we can discuss on WhatsApp."
Ahilyadevi Sabhagruh,70,High,High,SmartOS Operations,Low online visibility (DMI 47). losing reviews to top competitor Royal Symphony Banquet. BCA member connection makes them a warm prospect.,"Namaste Bhai, Rohit Nate here from Dadar (fellow BCA member). We are running the BCA Digital Readiness Initiative. Here is the quick audit snapshot for your venue:

BCA Digital Initiative — Ahilyadevi Sabhagruh Audit Snapshot:
- Instagram Freshness: Active
- Google Maps Visibility: High
- Inquiry Management: Manual / Offline
- WhatsApp Structure: Unorganized
- Booking Workflow: Offline Register
Digital Maturity Score: 47/100 (Visibility Weak)

I have your 2-page detailed report. Let me know if we can discuss on WhatsApp."
Sharda Sabhagriha,70,High,High,Both (DigiStories + SmartOS),Low online visibility (DMI 8). losing reviews to top competitor Royal Symphony Banquet. BCA member connection makes them a warm prospect.,"Namaste Bhai, Rohit Nate here from Dadar (fellow BCA member). We are running the BCA Digital Readiness Initiative. Here is the quick audit snapshot for your venue:

BCA Digital Initiative — Sharda Sabhagriha Audit Snapshot:
- Instagram Freshness: Weak
- Google Maps Visibility: Moderate
- Inquiry Management: Manual / Offline
- WhatsApp Structure: Unorganized
- Booking Workflow: Offline Register
Digital Maturity Score: 8/100 (Digitally Invisible)

I have your 2-page detailed report. Let me know if we can discuss on WhatsApp."
Royal Garden Banquet,70,High,High,SmartOS Operations,Low online visibility (DMI 43). losing reviews to top competitor Royal Symphony Banquet. BCA member connection makes them a warm prospect.,"Namaste Bhai, Rohit Nate here from Dadar (fellow BCA member). We are running the BCA Digital Readiness Initiative. Here is the quick audit snapshot for your venue:

BCA Digital Initiative — Royal Garden Banquet Audit Snapshot:
- Instagram Freshness: Active
- Google Maps Visibility: Moderate
- Inquiry Management: Manual / Offline
- WhatsApp Structure: Unorganized
- Booking Workflow: Offline Register
Digital Maturity Score: 43/100 (Visibility Weak)

I have your 2-page detailed report. Let me know if we can discuss on WhatsApp."
The Acres Club,70,High,High,SmartOS Operations,Low online visibility (DMI 43). losing reviews to top competitor The Acres Club. BCA member connection makes them a warm prospect.,"Namaste Bhai, Rohit Nate here from Dadar (fellow BCA member). We are running the BCA Digital Readiness Initiative. Here is the quick audit snapshot for your venue:

BCA Digital Initiative — The Acres Club Audit Snapshot:
- Instagram Freshness: Active
- Google Maps Visibility: Moderate
- Inquiry Management: Manual / Offline
- WhatsApp Structure: Unorganized
- Booking Workflow: Offline Register
Digital Maturity Score: 43/100 (Visibility Weak)

I have your 2-page detailed report. Let me know if we can discuss on WhatsApp."
Swatantryaveer Savarkar Sabhagriha,60,Medium,High,Both (DigiStories + SmartOS),Low online visibility (DMI 8). losing reviews to top competitor Dadar Gymkhana Banquets. BCA member connection makes them a warm prospect.,"Namaste Bhai, Rohit Nate here from Dadar (fellow BCA member). We are running the BCA Digital Readiness Initiative. Here is the quick audit snapshot for your venue:

BCA Digital Initiative — Swatantryaveer Savarkar Sabhagriha Audit Snapshot:
- Instagram Freshness: Weak
- Google Maps Visibility: Moderate
- Inquiry Management: Manual / Offline
- WhatsApp Structure: Unorganized
- Booking Workflow: Offline Register
Digital Maturity Score: 8/100 (Digitally Invisible)

I have your 2-page detailed report. Let me know if we can discuss on WhatsApp."
Kohinoor Hall,60,Medium,High,Both (DigiStories + SmartOS),Low online visibility (DMI 8). losing reviews to top competitor Royal Symphony Banquet. BCA member connection makes them a warm prospect.,"Namaste Bhai, Rohit Nate here from Dadar (fellow BCA member). We are running the BCA Digital Readiness Initiative. Here is the quick audit snapshot for your venue:

BCA Digital Initiative — Kohinoor Hall Audit Snapshot:
- Instagram Freshness: Weak
- Google Maps Visibility: Moderate
- Inquiry Management: Manual / Offline
- WhatsApp Structure: Unorganized
- Booking Workflow: Offline Register
Digital Maturity Score: 8/100 (Digitally Invisible)

I have your 2-page detailed report. Let me know if we can discuss on WhatsApp."
P. L. Deshpande Mini Hall,60,Medium,High,Both (DigiStories + SmartOS),Low online visibility (DMI 8). losing reviews to top competitor P. L. Deshpande Mini Hall. BCA member connection makes them a warm prospect.,"Namaste Bhai, Rohit Nate here from Dadar (fellow BCA member). We are running the BCA Digital Readiness Initiative. Here is the quick audit snapshot for your venue:

BCA Digital Initiative — P. L. Deshpande Mini Hall Audit Snapshot:
- Instagram Freshness: Weak
- Google Maps Visibility: Moderate
- Inquiry Management: Manual / Offline
- WhatsApp Structure: Unorganized
- Booking Workflow: Offline Register
Digital Maturity Score: 8/100 (Digitally Invisible)

I have your 2-page detailed report. Let me know if we can discuss on WhatsApp."
Hindu Gymkhana Grounds,60,Medium,High,SmartOS Operations,Low online visibility (DMI 47). losing reviews to top competitor Parsi Gymkhana Grounds.,"Namaste Bhai, Rohit Nate here from Dadar (fellow BCA member). We are running the BCA Digital Readiness Initiative. Here is the quick audit snapshot for your venue:

BCA Digital Initiative — Hindu Gymkhana Grounds Audit Snapshot:
- Instagram Freshness: Active
- Google Maps Visibility: High
- Inquiry Management: Manual / Offline
- WhatsApp Structure: Unorganized
- Booking Workflow: Offline Register
Digital Maturity Score: 47/100 (Visibility Weak)

I have your 2-page detailed report. Let me know if we can discuss on WhatsApp."
